ID_PLAN_ESTUDIO,ID_PLAN_ESTUDIO_NK,ID_ESTUDIO,ID_ESTUDIO_NK,ID_TIPO_ESTUDIO,NOMBRE_TIPO_ESTUDIO,ID_RAMA_CONOCIMIENTO,NOMBRE_RAMA_CONOCIMIENTO,ID_TIPO_ESTUDIO_DESCR,NOMBRE_PLAN_ESTUDIO,ORD_NOMBRE_ESTUDIO,NOMBRE_ESTUDIO,ORD_NOMBRE_PLAN_ESTUDIO,NOMBRE_PLAN_ESTUDIO_LOCALIDAD,ID_TIPO_ESTUDIO_NK,ID_RAMA_CONOCIMIENTO_NK,FLG_INTERUNIVERSITARIO,FLG_COORDINADOR,NOMBRE_PLAN_ESTUDIO_SC,NOMBRE_ESTUDIO_SC
20,10020,1,100,9,Especialización,9,Artes - Especialidad 9,90,Grado en Educación Primaria,DOCTORADO EN SOCIOLOGÍA,Doctorado en Sociología,GRADO EN EDUCACIÓN PRIMARIA,Grado en Educación Primaria (Alicante),ES,H,0,0,Grado en Educacion Primaria,Doctorado en Sociologia
38,10038,31,3100,5,Licenciatura,13,Artes - Especialidad 13,50,Grado en Química,MÁSTER EN CIENCIA DE DATOS,Máster en Ciencia de Datos,GRADO EN QUÍMICA,Grado en Química (Elche),LI,C,0,0,Grado en Quimica,Master en Ciencia de Datos
73,10073,47,4700,8,Técnico Superior,6,Ingeniería - Especialidad 6,80,Grado en Economía,DOBLE GRADO EN ECONOMÍA Y HISTORIA,Doble Grado en Economía y Historia,GRADO EN ECONOMÍA,Grado en Economía (Sevilla),TE,I,0,0,Grado en Economia,Doble Grado en Economia y Historia
6,10006,9,900,9,Especialización,2,Salud - Especialidad 2,90,Grado en Arquitectura,MÁSTER UNIVERSITARIO EN ESTUDIOS INGLESES,Máster Universitario en Estudios Ingleses,GRADO EN ARQUITECTURA,Grado en Arquitectura (Bilbao),ES,I,1,0,Grado en Arquitectura,Master Universitario en Estudios Ingleses
29,10029,29,2900,6,Ingeniería,2,Salud - Especialidad 2,60,Doctorado en Medicina,DOCTORADO EN RELACIONES INTERNACIONALES,Doctorado en Relaciones Internacionales,DOCTORADO EN MEDICINA,Doctorado en Medicina (Alicante),IN,I,1,0,Doctorado en Medicina,Doctorado en Relaciones Internacionales
75,10075,34,3400,4,Diploma,13,Artes - Especialidad 13,40,Grado en Farmacia,DOBLE GRADO EN MATEMÁTICAS Y ARQUITECTURA,Doble Grado en Matemáticas y Arquitectura,GRADO EN FARMACIA,Grado en Farmacia (Las Palmas),DI,C,0,0,Grado en Farmacia,Doble Grado en Matematicas y Arquitectura
11,10011,35,3500,8,Técnico Superior,11,Salud - Especialidad 11,80,Grado en Historia,DOCTORADO EN QUÍMICA,Doctorado en Química,GRADO EN HISTORIA,Grado en Historia (Valencia),TE,H,0,0,Grado en Historia,Doctorado en Quimica
51,10051,13,1300,8,Técnico Superior,6,Ingeniería - Especialidad 6,80,Máster Universitario en Inteligencia Artificial,MÁSTER EN SOCIOLOGÍA,Máster en Sociología,MÁSTER UNIVERSITARIO EN INTELIGENCIA ARTIFICIAL,Máster Universitario en Inteligencia Artificial (Oviedo),TE,I,0,0,Master Universitario en Inteligencia Artificial,Master en Sociologia
8,10008,43,4300,6,Ingeniería,7,Ciencias - Especialidad 7,60,Grado en Química,DOCTORADO EN INGENIERÍA INDUSTRIAL,Doctorado en Ingeniería Industrial,GRADO EN QUÍMICA,Grado en Química (Zaragoza),IN,D,0,0,Grado en Quimica,Doctorado en Ingenieria Industrial
55,10055,24,2400,7,Arquitectura,6,Ingeniería - Especialidad 6,70,Máster Universitario en Psicología General Sanitaria,DOBLE GRADO EN NUTRICIÓN HUMANA Y DIETÉTICA Y CIENCIAS DE LA ACTIVIDAD FÍSICA Y DEL DEPORTE,Doble Grado en Nutrición Humana y Dietética y Ciencias de la Actividad Física y del Deporte,MÁSTER UNIVERSITARIO EN PSICOLOGÍA GENERAL SANITARIA,Máster Universitario en Psicología General Sanitaria (Madrid),AR,I,0,0,Master Universitario en Psicologia General Sanitaria,Doble Grado en Nutricion Humana y Dietetica y Ciencias de la Actividad Fisica y del Deporte
45,10045,20,2000,8,Técnico Superior,14,Ciencias - Especialidad 14,80,Grado en Farmacia,DOCTORADO EN BELLAS ARTES,Doctorado en Bellas Artes,GRADO EN FARMACIA,Grado en Farmacia (Vitoria),TE,I,1,0,Grado en Farmacia,Doctorado en Bellas Artes
57,10057,48,4800,7,Arquitectura,13,Artes - Especialidad 13,70,Doctorado en Economía y Empresa,DOBLE GRADO EN TURISMO Y INGENIERÍA INDUSTRIAL,Doble Grado en Turismo y Ingeniería Industrial,DOCTORADO EN ECONOMÍA Y EMPRESA,Doctorado en Economía y Empresa (Gijón),AR,C,0,0,Doctorado en Economia y Empresa,Doble Grado en Turismo y Ingenieria Industrial
94,10094,28,2800,7,Arquitectura,3,Ingeniería - Especialidad 3,70,Grado en Medicina,DOCTORADO EN FÍSICA,Doctorado en Física,GRADO EN MEDICINA,Grado en Medicina (Elche),AR,D,0,0,Grado en Medicina,Doctorado en Fisica
19,10019,14,1400,5,Licenciatura,8,Artes - Especialidad 8,50,Grado en Bellas Artes,DOCTORADO EN HISTORIA DEL ARTE,Doctorado en Historia del Arte,GRADO EN BELLAS ARTES,Grado en Bellas Artes (A Coruña),LI,C,0,0,Grado en Bellas Artes,Doctorado en Historia del Arte
9,10009,38,3800,7,Arquitectura,2,Salud - Especialidad 2,70,Grado en Física,DOBLE GRADO EN INGENIERÍA INDUSTRIAL Y PSICOLOGÍA,Doble Grado en Ingeniería Industrial y Psicología,GRADO EN FÍSICA,Grado en Física (Madrid),AR,I,0,0,Grado en Fisica,Doble Grado en Ingenieria Industrial y Psicologia
35,10035,27,2700,3,Doctorado,9,Artes - Especialidad 9,30,Grado en Psicología,MÁSTER UNIVERSITARIO EN EDUCACIÓN INFANTIL,Máster Universitario en Educación Infantil,GRADO EN PSICOLOGÍA,Grado en Psicología (Gijón),DO,H,0,0,Grado en Psicologia,Master Universitario en Educacion Infantil
97,10097,9,900,4,Diploma,3,Ingeniería - Especialidad 3,40,Grado en Biología,MÁSTER UNIVERSITARIO EN ESTUDIOS INGLESES,Máster Universitario en Estudios Ingleses,GRADO EN BIOLOGÍA,Grado en Biología (Valladolid),DI,D,0,0,Grado en Biologia,Master Universitario en Estudios Ingleses
63,10063,3,300,5,Licenciatura,14,Ciencias - Especialidad 14,50,Grado en Derecho,DOBLE GRADO EN INGENIERÍA MECÁNICA Y CIENCIA DE DATOS,Doble Grado en Ingeniería Mecánica y Ciencia de Datos,GRADO EN DERECHO,Grado en Derecho (Elche),LI,I,0,0,Grado en Derecho,Doble Grado en Ingenieria Mecanica y Ciencia de Datos
72,10072,48,4800,8,Técnico Superior,4,Salud - Especialidad 4,80,Grado en Filología Hispánica,DOBLE GRADO EN TURISMO Y INGENIERÍA INDUSTRIAL,Doble Grado en Turismo y Ingeniería Industrial,GRADO EN FILOLOGÍA HISPÁNICA,Grado en Filología Hispánica (Madrid),TE,H,0,0,Grado en Filologia Hispanica,Doble Grado en Turismo y Ingenieria Industrial
20,10020,17,1700,5,Licenciatura,11,Salud - Especialidad 11,50,Grado en Educación Primaria,DOBLE GRADO EN BIOLOGÍA Y NUTRICIÓN HUMANA Y DIETÉTICA,Doble Grado en Biología y Nutrición Humana y Dietética,GRADO EN EDUCACIÓN PRIMARIA,Grado en Educación Primaria (Granada),LI,H,0,0,Grado en Educacion Primaria,Doble Grado en Biologia y Nutricion Humana y Dietetica
86,10086,19,1900,7,Arquitectura,3,Ingeniería - Especialidad 3,70,Doctorado en Informática,DOBLE GRADO EN SOCIOLOGÍA Y ODONTOLOGÍA,Doble Grado en Sociología y Odontología,DOCTORADO EN INFORMÁTICA,Doctorado en Informática (Granada),AR,D,0,0,Doctorado en Informatica,Doble Grado en Sociologia y Odontologia
83,10083,16,1600,1,Grado,2,Salud - Especialidad 2,10,Máster Universitario en Abogacía,DOBLE GRADO EN BELLAS ARTES Y TRABAJO SOCIAL,Doble Grado en Bellas Artes y Trabajo Social,MÁSTER UNIVERSITARIO EN ABOGACÍA,Máster Universitario en Abogacía (Las Palmas),GR,I,0,0,Master Universitario en Abogacia,Doble Grado en Bellas Artes y Trabajo Social
9,10009,39,3900,6,Ingeniería,10,Salud - Especialidad 10,60,Grado en Física,DOBLE GRADO EN CIENCIAS DE LA ACTIVIDAD FÍSICA Y DEL DEPORTE Y PUBLICIDAD Y RELACIONES PÚBLICAS,Doble Grado en Ciencias de la Actividad Física y del Deporte y Publicidad y Relaciones Públicas,GRADO EN FÍSICA,Grado en Física (Granada),IN,G,0,0,Grado en Fisica,Doble Grado en Ciencias de la Actividad Fisica y del Deporte y Publicidad y Relaciones Publicas
34,10034,41,4100,8,Técnico Superior,12,Artes - Especialidad 12,80,Grado en Medicina,MÁSTER UNIVERSITARIO EN DERECHO,Máster Universitario en Derecho,GRADO EN MEDICINA,Grado en Medicina (Sevilla),TE,A,0,0,Grado en Medicina,Master Universitario en Derecho
94,10094,37,3700,1,Grado,14,Ciencias - Especialidad 14,10,Grado en Medicina,MÁSTER EN FILOLOGÍA HISPÁNICA,Máster en Filología Hispánica,GRADO EN MEDICINA,Grado en Medicina (Las Palmas),GR,I,0,0,Grado en Medicina,Master en Filologia Hispanica
8,10008,10,1000,6,Ingeniería,8,Artes - Especialidad 8,60,Grado en Química,MÁSTER EN INGENIERÍA AEROESPACIAL,Máster en Ingeniería Aeroespacial,GRADO EN QUÍMICA,Grado en Química (Zaragoza),IN,C,0,0,Grado en Quimica,Master en Ingenieria Aeroespacial
7,10007,18,1800,6,Ingeniería,7,Ciencias - Especialidad 7,60,Grado en Biología,MÁSTER EN VETERINARIA,Máster en Veterinaria,GRADO EN BIOLOGÍA,Grado en Biología (Córdoba),IN,D,1,1,Grado en Biologia,Master en Veterinaria
82,10082,5,500,9,Especialización,4,Salud - Especialidad 4,90,Máster Universitario en Administración de Empresas,MÁSTER EN HISTORIA DEL ARTE,Máster en Historia del Arte,MÁSTER UNIVERSITARIO EN ADMINISTRACIÓN DE EMPRESAS,Máster Universitario en Administración de Empresas (Málaga),ES,H,0,0,Master Universitario en Administracion de Empresas,Master en Historia del Arte
77,10077,49,4900,3,Doctorado,9,Artes - Especialidad 9,30,Grado en Periodismo,MÁSTER UNIVERSITARIO EN INGENIERÍA QUÍMICA,Máster Universitario en Ingeniería Química,GRADO EN PERIODISMO,Grado en Periodismo (Alicante),DO,H,0,0,Grado en Periodismo,Master Universitario en Ingenieria Quimica
88,10088,20,2000,5,Licenciatura,11,Salud - Especialidad 11,50,Doctorado en Derecho,DOCTORADO EN BELLAS ARTES,Doctorado en Bellas Artes,DOCTORADO EN DERECHO,Doctorado en Derecho (Córdoba),LI,H,1,0,Doctorado en Derecho,Doctorado en Bellas Artes
19,10019,1,100,3,Doctorado,9,Artes - Especialidad 9,30,Grado en Bellas Artes,DOCTORADO EN SOCIOLOGÍA,Doctorado en Sociología,GRADO EN BELLAS ARTES,Grado en Bellas Artes (Bilbao),DO,H,0,0,Grado en Bellas Artes,Doctorado en Sociologia
63,10063,27,2700,6,Ingeniería,15,Salud - Especialidad 15,60,Grado en Derecho,MÁSTER UNIVERSITARIO EN EDUCACIÓN INFANTIL,Máster Universitario en Educación Infantil,GRADO EN DERECHO,Grado en Derecho (Málaga),IN,C,0,0,Grado en Derecho,Master Universitario en Educacion Infantil
20,10020,33,3300,4,Diploma,14,Ciencias - Especialidad 14,40,Grado en Educación Primaria,MÁSTER EN FILOSOFÍA,Máster en Filosofía,GRADO EN EDUCACIÓN PRIMARIA,Grado en Educación Primaria (Murcia),DI,I,0,0,Grado en Educacion Primaria,Master en Filosofia
72,10072,40,4000,9,Especialización,14,Ciencias - Especialidad 14,90,Grado en Filología Hispánica,GRADO EN QUÍMICA,Grado en Química,GRADO EN FILOLOGÍA HISPÁNICA,Grado en Filología Hispánica (Vitoria),ES,I,0,0,Grado en Filologia Hispanica,Grado en Quimica
90,10090,49,4900,2,Máster,7,Ciencias - Especialidad 7,20,Doctorado en Psicología,MÁSTER UNIVERSITARIO EN INGENIERÍA QUÍMICA,Máster Universitario en Ingeniería Química,DOCTORADO EN PSICOLOGÍA,Doctorado en Psicología (Gijón),MA,D,0,0,Doctorado en Psicologia,Master Universitario en Ingenieria Quimica
15,10015,9,900,1,Grado,8,Artes - Especialidad 8,10,Grado en Farmacia,MÁSTER UNIVERSITARIO EN ESTUDIOS INGLESES,Máster Universitario en Estudios Ingleses,GRADO EN FARMACIA,Grado en Farmacia (Córdoba),GR,C,0,0,Grado en Farmacia,Master Universitario en Estudios Ingleses
47,10047,9,900,8,Técnico Superior,15,Salud - Especialidad 15,80,Grado en Periodismo,MÁSTER UNIVERSITARIO EN ESTUDIOS INGLESES,Máster Universitario en Estudios Ingleses,GRADO EN PERIODISMO,Grado en Periodismo (Oviedo),TE,C,0,0,Grado en Periodismo,Master Universitario en Estudios Ingleses
44,10044,12,1200,5,Licenciatura,1,Salud - Especialidad 1,50,Grado en Enfermería,DOBLE GRADO EN SOCIOLOGÍA Y CIENCIAS DE LA ACTIVIDAD FÍSICA Y DEL DEPORTE,Doble Grado en Sociología y Ciencias de la Actividad Física y del Deporte,GRADO EN ENFERMERÍA,Grado en Enfermería (Sevilla),LI,G,0,0,Grado en Enfermeria,Doble Grado en Sociologia y Ciencias de la Actividad Fisica y del Deporte
89,10089,10,1000,4,Diploma,5,Ciencias Sociales - Especialidad 5,40,Doctorado en Medicina,MÁSTER EN INGENIERÍA AEROESPACIAL,Máster en Ingeniería Aeroespacial,DOCTORADO EN MEDICINA,Doctorado en Medicina (Zaragoza),DI,H,0,0,Doctorado en Medicina,Master en Ingenieria Aeroespacial
11,10011,28,2800,2,Máster,2,Salud - Especialidad 2,20,Grado en Historia,DOCTORADO EN FÍSICA,Doctorado en Física,GRADO EN HISTORIA,Grado en Historia (Madrid),MA,I,0,0,Grado en Historia,Doctorado en Fisica
97,10097,28,2800,1,Grado,4,Salud - Especialidad 4,10,Grado en Biología,DOCTORADO EN FÍSICA,Doctorado en Física,GRADO EN BIOLOGÍA,Grado en Biología (Sevilla),GR,H,1,0,Grado en Biologia,Doctorado en Fisica
76,10076,4,400,8,Técnico Superior,2,Salud - Especialidad 2,80,Grado en Veterinaria,MÁSTER UNIVERSITARIO EN ECONOMÍA,Máster Universitario en Economía,GRADO EN VETERINARIA,Grado en Veterinaria (Las Palmas),TE,I,1,1,Grado en Veterinaria,Master Universitario en Economia
2,10002,49,4900,2,Máster,13,Artes - Especialidad 13,20,Grado en Administración y Dirección de Empresas,MÁSTER UNIVERSITARIO EN INGENIERÍA QUÍMICA,Máster Universitario en Ingeniería Química,GRADO EN ADMINISTRACIÓN Y DIRECCIÓN DE EMPRESAS,Grado en Administración y Dirección de Empresas (Sevilla),MA,C,0,0,Grado en Administracion y Direccion de Empresas,Master Universitario en Ingenieria Quimica
27,10027,38,3800,4,Diploma,3,Ingeniería - Especialidad 3,40,Doctorado en Economía y Empresa,DOBLE GRADO EN INGENIERÍA INDUSTRIAL Y PSICOLOGÍA,Doble Grado en Ingeniería Industrial y Psicología,DOCTORADO EN ECONOMÍA Y EMPRESA,Doctorado en Economía y Empresa (Córdoba),DI,D,1,1,Doctorado en Economia y Empresa,Doble Grado en Ingenieria Industrial y Psicologia
96,10096,18,1800,10,Curso de Especialización,6,Ingeniería - Especialidad 6,100,Grado en Arquitectura,MÁSTER EN VETERINARIA,Máster en Veterinaria,GRADO EN ARQUITECTURA,Grado en Arquitectura (Córdoba),CE,I,0,0,Grado en Arquitectura,Master en Veterinaria
65,10065,50,5000,10,Curso de Especialización,4,Salud - Especialidad 4,100,Grado en Psicología,DOBLE GRADO EN QUÍMICA Y ADMINISTRACIÓN Y DIRECCIÓN DE EMPRESAS,Doble Grado en Química y Administración y Dirección de Empresas,GRADO EN PSICOLOGÍA,Grado en Psicología (A Coruña),CE,H,0,0,Grado en Psicologia,Doble Grado en Quimica y Administracion y Direccion de Empresas
13,10013,38,3800,1,Grado,9,Artes - Especialidad 9,10,Grado en Economía,DOBLE GRADO EN INGENIERÍA INDUSTRIAL Y PSICOLOGÍA,Doble Grado en Ingeniería Industrial y Psicología,GRADO EN ECONOMÍA,Grado en Economía (Murcia),GR,H,0,0,Grado en Economia,Doble Grado en Ingenieria Industrial y Psicologia
37,10037,11,1100,9,Especialización,1,Salud - Especialidad 1,90,Grado en Biología,DOBLE GRADO EN MATEMÁTICAS Y EDUCACIÓN PRIMARIA,Doble Grado en Matemáticas y Educación Primaria,GRADO EN BIOLOGÍA,Grado en Biología (Sevilla),ES,G,0,0,Grado en Biologia,Doble Grado en Matematicas y Educacion Primaria
65,10065,46,4600,8,Técnico Superior,6,Ingeniería - Especialidad 6,80,Grado en Psicología,DOBLE GRADO EN INGENIERÍA INDUSTRIAL Y ODONTOLOGÍA,Doble Grado en Ingeniería Industrial y Odontología,GRADO EN PSICOLOGÍA,Grado en Psicología (Elche),TE,I,0,0,Grado en Psicologia,Doble Grado en Ingenieria Industrial y Odontologia
87,10087,7,700,3,Doctorado,14,Ciencias - Especialidad 14,30,Doctorado en Economía y Empresa,GRADO EN HISTORIA DEL ARTE,Grado en Historia del Arte,DOCTORADO EN ECONOMÍA Y EMPRESA,Doctorado en Economía y Empresa (Córdoba),DO,I,0,0,Doctorado en Economia y Empresa,Grado en Historia del Arte
55,10055,14,1400,9,Especialización,4,Salud - Especialidad 4,90,Máster Universitario en Psicología General Sanitaria,DOCTORADO EN HISTORIA DEL ARTE,Doctorado en Historia del Arte,MÁSTER UNIVERSITARIO EN PSICOLOGÍA GENERAL SANITARIA,Máster Universitario en Psicología General Sanitaria (Vigo),ES,H,0,0,Master Universitario en Psicologia General Sanitaria,Doctorado en Historia del Arte
41,10041,8,800,8,Técnico Superior,2,Salud - Especialidad 2,80,Grado en Historia,GRADO EN HISTORIA,Grado en Historia,GRADO EN HISTORIA,Grado en Historia (A Coruña),TE,I,0,0,Grado en Historia,Grado en Historia
98,10098,24,2400,5,Licenciatura,9,Artes - Especialidad 9,50,Grado en Química,DOBLE GRADO EN NUTRICIÓN HUMANA Y DIETÉTICA Y CIENCIAS DE LA ACTIVIDAD FÍSICA Y DEL DEPORTE,Doble Grado en Nutrición Humana y Dietética y Ciencias de la Actividad Física y del Deporte,GRADO EN QUÍMICA,Grado en Química (Barcelona),LI,H,1,1,Grado en Quimica,Doble Grado en Nutricion Humana y Dietetica y Ciencias de la Actividad Fisica y del Deporte
50,10050,19,1900,8,Técnico Superior,10,Salud - Especialidad 10,80,Grado en Educación Primaria,DOBLE GRADO EN SOCIOLOGÍA Y ODONTOLOGÍA,Doble Grado en Sociología y Odontología,GRADO EN EDUCACIÓN PRIMARIA,Grado en Educación Primaria (Bilbao),TE,G,0,0,Grado en Educacion Primaria,Doble Grado en Sociologia y Odontologia
57,10057,15,1500,9,Especialización,7,Ciencias - Especialidad 7,90,Doctorado en Economía y Empresa,DOBLE GRADO EN PSICOLOGÍA Y RELACIONES INTERNACIONALES,Doble Grado en Psicología y Relaciones Internacionales,DOCTORADO EN ECONOMÍA Y EMPRESA,Doctorado en Economía y Empresa (Bilbao),ES,D,0,0,Doctorado en Economia y Empresa,Doble Grado en Psicologia y Relaciones Internacionales
55,10055,13,1300,2,Máster,15,Salud - Especialidad 15,20,Máster Universitario en Psicología General Sanitaria,MÁSTER EN SOCIOLOGÍA,Máster en Sociología,MÁSTER UNIVERSITARIO EN PSICOLOGÍA GENERAL SANITARIA,Máster Universitario en Psicología General Sanitaria (Granada),MA,C,0,0,Master Universitario en Psicologia General Sanitaria,Master en Sociologia
48,10048,12,1200,1,Grado,11,Salud - Especialidad 11,10,Grado en Comunicación Audiovisual,DOBLE GRADO EN SOCIOLOGÍA Y CIENCIAS DE LA ACTIVIDAD FÍSICA Y DEL DEPORTE,Doble Grado en Sociología y Ciencias de la Actividad Física y del Deporte,GRADO EN COMUNICACIÓN AUDIOVISUAL,Grado en Comunicación Audiovisual (Granada),GR,H,0,0,Grado en Comunicacion Audiovisual,Doble Grado en Sociologia y Ciencias de la Actividad Fisica y del Deporte
51,10051,29,2900,9,Especialización,11,Salud - Especialidad 11,90,Máster Universitario en Inteligencia Artificial,DOCTORADO EN RELACIONES INTERNACIONALES,Doctorado en Relaciones Internacionales,MÁSTER UNIVERSITARIO EN INTELIGENCIA ARTIFICIAL,Máster Universitario en Inteligencia Artificial (Valencia),ES,H,0,0,Master Universitario en Inteligencia Artificial,Doctorado en Relaciones Internacionales
51,10051,26,2600,10,Curso de Especialización,2,Salud - Especialidad 2,100,Máster Universitario en Inteligencia Artificial,DOCTORADO EN ENFERMERÍA,Doctorado en Enfermería,MÁSTER UNIVERSITARIO EN INTELIGENCIA ARTIFICIAL,Máster Universitario en Inteligencia Artificial (Málaga),CE,I,1,0,Master Universitario en Inteligencia Artificial,Doctorado en Enfermeria
44,10044,13,1300,10,Curso de Especialización,14,Ciencias - Especialidad 14,100,Grado en Enfermería,MÁSTER EN SOCIOLOGÍA,Máster en Sociología,GRADO EN ENFERMERÍA,Grado en Enfermería (Valladolid),CE,I,0,0,Grado en Enfermeria,Master en Sociologia
55,10055,47,4700,8,Técnico Superior,5,Ciencias Sociales - Especialidad 5,80,Máster Universitario en Psicología General Sanitaria,DOBLE GRADO EN ECONOMÍA Y HISTORIA,Doble Grado en Economía y Historia,MÁSTER UNIVERSITARIO EN PSICOLOGÍA GENERAL SANITARIA,Máster Universitario en Psicología General Sanitaria (Elche),TE,H,0,0,Master Universitario en Psicologia General Sanitaria,Doble Grado en Economia y Historia
97,10097,42,4200,7,Arquitectura,6,Ingeniería - Especialidad 6,70,Grado en Biología,MÁSTER EN HISTORIA,Máster en Historia,GRADO EN BIOLOGÍA,Grado en Biología (Granada),AR,I,0,0,Grado en Biologia,Master en Historia
52,10052,32,3200,9,Especialización,5,Ciencias Sociales - Especialidad 5,90,Máster Universitario en Administración de Empresas,DOBLE GRADO EN HISTORIA DEL ARTE Y VETERINARIA,Doble Grado en Historia del Arte y Veterinaria,MÁSTER UNIVERSITARIO EN ADMINISTRACIÓN DE EMPRESAS,Máster Universitario en Administración de Empresas (Zaragoza),ES,H,0,0,Master Universitario en Administracion de Empresas,Doble Grado en Historia del Arte y Veterinaria
14,10014,8,800,5,Licenciatura,8,Artes - Especialidad 8,50,Grado en Enfermería,GRADO EN HISTORIA,Grado en Historia,GRADO EN ENFERMERÍA,Grado en Enfermería (Granada),LI,C,0,0,Grado en Enfermeria,Grado en Historia
18,10018,2,200,2,Máster,12,Artes - Especialidad 12,20,Grado en Comunicación Audiovisual,DOBLE GRADO EN MATEMÁTICAS Y ODONTOLOGÍA,Doble Grado en Matemáticas y Odontología,GRADO EN COMUNICACIÓN AUDIOVISUAL,Grado en Comunicación Audiovisual (Barcelona),MA,A,0,0,Grado en Comunicacion Audiovisual,Doble Grado en Matematicas y Odontologia
64,10064,44,4400,1,Grado,3,Ingeniería - Especialidad 3,10,Grado en Medicina,DOCTORADO EN BIOLOGÍA,Doctorado en Biología,GRADO EN MEDICINA,Grado en Medicina (Valladolid),GR,D,0,0,Grado en Medicina,Doctorado en Biologia
42,10042,10,1000,5,Licenciatura,10,Salud - Especialidad 10,50,Grado en Filología Hispánica,MÁSTER EN INGENIERÍA AEROESPACIAL,Máster en Ingeniería Aeroespacial,GRADO EN FILOLOGÍA HISPÁNICA,Grado en Filología Hispánica (Oviedo),LI,G,1,1,Grado en Filologia Hispanica,Master en Ingenieria Aeroespacial
97,10097,34,3400,8,Técnico Superior,13,Artes - Especialidad 13,80,Grado en Biología,DOBLE GRADO EN MATEMÁTICAS Y ARQUITECTURA,Doble Grado en Matemáticas y Arquitectura,GRADO EN BIOLOGÍA,Grado en Biología (Gijón),TE,C,0,0,Grado en Biologia,Doble Grado en Matematicas y Arquitectura
85,10085,32,3200,8,Técnico Superior,9,Artes - Especialidad 9,80,Máster Universitario en Psicología General Sanitaria,DOBLE GRADO EN HISTORIA DEL ARTE Y VETERINARIA,Doble Grado en Historia del Arte y Veterinaria,MÁSTER UNIVERSITARIO EN PSICOLOGÍA GENERAL SANITARIA,Máster Universitario en Psicología General Sanitaria (Las Palmas),TE,H,0,0,Master Universitario en Psicologia General Sanitaria,Doble Grado en Historia del Arte y Veterinaria
70,10070,35,3500,1,Grado,13,Artes - Especialidad 13,10,Grado en Matemáticas,DOCTORADO EN QUÍMICA,Doctorado en Química,GRADO EN MATEMÁTICAS,Grado en Matemáticas (Barcelona),GR,C,0,0,Grado en Matematicas,Doctorado en Quimica
16,10016,25,2500,8,Técnico Superior,6,Ingeniería - Especialidad 6,80,Grado en Veterinaria,DOBLE GRADO EN BELLAS ARTES Y CIENCIAS AMBIENTALES,Doble Grado en Bellas Artes y Ciencias Ambientales,GRADO EN VETERINARIA,Grado en Veterinaria (Valladolid),TE,I,0,0,Grado en Veterinaria,Doble Grado en Bellas Artes y Ciencias Ambientales
5,10005,3,300,3,Doctorado,9,Artes - Especialidad 9,30,Grado en Psicología,DOBLE GRADO EN INGENIERÍA MECÁNICA Y CIENCIA DE DATOS,Doble Grado en Ingeniería Mecánica y Ciencia de Datos,GRADO EN PSICOLOGÍA,Grado en Psicología (Bilbao),DO,H,0,0,Grado en Psicologia,Doble Grado en Ingenieria Mecanica y Ciencia de Datos
22,10022,32,3200,7,Arquitectura,3,Ingeniería - Especialidad 3,70,Máster Universitario en Administración de Empresas,DOBLE GRADO EN HISTORIA DEL ARTE Y VETERINARIA,Doble Grado en Historia del Arte y Veterinaria,MÁSTER UNIVERSITARIO EN ADMINISTRACIÓN DE EMPRESAS,Máster Universitario en Administración de Empresas (Bilbao),AR,D,0,0,Master Universitario en Administracion de Empresas,Doble Grado en Historia del Arte y Veterinaria
63,10063,49,4900,2,Máster,10,Salud - Especialidad 10,20,Grado en Derecho,MÁSTER UNIVERSITARIO EN INGENIERÍA QUÍMICA,Máster Universitario en Ingeniería Química,GRADO EN DERECHO,Grado en Derecho (Granada),MA,G,0,0,Grado en Derecho,Master Universitario en Ingenieria Quimica
88,10088,35,3500,10,Curso de Especialización,8,Artes - Especialidad 8,100,Doctorado en Derecho,DOCTORADO EN QUÍMICA,Doctorado en Química,DOCTORADO EN DERECHO,Doctorado en Derecho (Granada),CE,C,0,0,Doctorado en Derecho,Doctorado en Quimica
21,10021,33,3300,1,Grado,7,Ciencias - Especialidad 7,10,Máster Universitario en Inteligencia Artificial,MÁSTER EN FILOSOFÍA,Máster en Filosofía,MÁSTER UNIVERSITARIO EN INTELIGENCIA ARTIFICIAL,Máster Universitario en Inteligencia Artificial (Las Palmas),GR,D,0,0,Master Universitario en Inteligencia Artificial,Master en Filosofia
49,10049,40,4000,6,Ingeniería,13,Artes - Especialidad 13,60,Grado en Bellas Artes,GRADO EN QUÍMICA,Grado en Química,GRADO EN BELLAS ARTES,Grado en Bellas Artes (Bilbao),IN,C,0,0,Grado en Bellas Artes,Grado en Quimica
4,10004,38,3800,1,Grado,3,Ingeniería - Especialidad 3,10,Grado en Medicina,DOBLE GRADO EN INGENIERÍA INDUSTRIAL Y PSICOLOGÍA,Doble Grado en Ingeniería Industrial y Psicología,GRADO EN MEDICINA,Grado en Medicina (Córdoba),GR,D,0,0,Grado en Medicina,Doble Grado en Ingenieria Industrial y Psicologia
95,10095,38,3800,1,Grado,13,Artes - Especialidad 13,10,Grado en Psicología,DOBLE GRADO EN INGENIERÍA INDUSTRIAL Y PSICOLOGÍA,Doble Grado en Ingeniería Industrial y Psicología,GRADO EN PSICOLOGÍA,Grado en Psicología (Alicante),GR,C,0,0,Grado en Psicologia,Doble Grado en Ingenieria Industrial y Psicologia
55,10055,23,2300,6,Ingeniería,7,Ciencias - Especialidad 7,60,Máster Universitario en Psicología General Sanitaria,DOCTORADO EN INGENIERÍA AEROESPACIAL,Doctorado en Ingeniería Aeroespacial,MÁSTER UNIVERSITARIO EN PSICOLOGÍA GENERAL SANITARIA,Máster Universitario en Psicología General Sanitaria (Córdoba),IN,D,1,1,Master Universitario en Psicologia General Sanitaria,Doctorado en Ingenieria Aeroespacial
31,10031,42,4200,5,Licenciatura,10,Salud - Especialidad 10,50,Grado en Ingeniería Informática,MÁSTER EN HISTORIA,Máster en Historia,GRADO EN INGENIERÍA INFORMÁTICA,Grado en Ingeniería Informática (Valencia),LI,G,0,0,Grado en Ingenieria Informatica,Master en Historia
9,10009,20,2000,2,Máster,6,Ingeniería - Especialidad 6,20,Grado en Física,DOCTORADO EN BELLAS ARTES,Doctorado en Bellas Artes,GRADO EN FÍSICA,Grado en Física (Málaga),MA,I,1,1,Grado en Fisica,Doctorado en Bellas Artes
59,10059,43,4300,7,Arquitectura,10,Salud - Especialidad 10,70,Doctorado en Medicina,DOCTORADO EN INGENIERÍA INDUSTRIAL,Doctorado en Ingeniería Industrial,DOCTORADO EN MEDICINA,Doctorado en Medicina (A Coruña),AR,G,0,0,Doctorado en Medicina,Doctorado en Ingenieria Industrial
35,10035,2,200,8,Técnico Superior,10,Salud - Especialidad 10,80,Grado en Psicología,DOBLE GRADO EN MATEMÁTICAS Y ODONTOLOGÍA,Doble Grado en Matemáticas y Odontología,GRADO EN PSICOLOGÍA,Grado en Psicología (Madrid),TE,G,0,0,Grado en Psicologia,Doble Grado en Matematicas y Odontologia
49,10049,37,3700,7,Arquitectura,6,Ingeniería - Especialidad 6,70,Grado en Bellas Artes,MÁSTER EN FILOLOGÍA HISPÁNICA,Máster en Filología Hispánica,GRADO EN BELLAS ARTES,Grado en Bellas Artes (Elche),AR,I,1,1,Grado en Bellas Artes,Master en Filologia Hispanica
89,10089,44,4400,4,Diploma,6,Ingeniería - Especialidad 6,40,Doctorado en Medicina,DOCTORADO EN BIOLOGÍA,Doctorado en Biología,DOCTORADO EN MEDICINA,Doctorado en Medicina (Granada),DI,I,0,0,Doctorado en Medicina,Doctorado en Biologia
98,10098,43,4300,6,Ingeniería,3,Ingeniería - Especialidad 3,60,Grado en Química,DOCTORADO EN INGENIERÍA INDUSTRIAL,Doctorado en Ingeniería Industrial,GRADO EN QUÍMICA,Grado en Química (Oviedo),IN,D,0,0,Grado en Quimica,Doctorado en Ingenieria Industrial
56,10056,13,1300,8,Técnico Superior,11,Salud - Especialidad 11,80,Doctorado en Informática,MÁSTER EN SOCIOLOGÍA,Máster en Sociología,DOCTORADO EN INFORMÁTICA,Doctorado en Informática (Valencia),TE,H,0,0,Doctorado en Informatica,Master en Sociologia
69,10069,14,1400,5,Licenciatura,5,Ciencias Sociales - Especialidad 5,50,Grado en Física,DOCTORADO EN HISTORIA DEL ARTE,Doctorado en Historia del Arte,GRADO EN FÍSICA,Grado en Física (Barcelona),LI,H,0,0,Grado en Fisica,Doctorado en Historia del Arte
74,10074,26,2600,4,Diploma,10,Salud - Especialidad 10,40,Grado en Enfermería,DOCTORADO EN ENFERMERÍA,Doctorado en Enfermería,GRADO EN ENFERMERÍA,Grado en Enfermería (Valencia),DI,G,0,0,Grado en Enfermeria,Doctorado en Enfermeria
75,10075,7,700,10,Curso de Especialización,6,Ingeniería - Especialidad 6,100,Grado en Farmacia,GRADO EN HISTORIA DEL ARTE,Grado en Historia del Arte,GRADO EN FARMACIA,Grado en Farmacia (Las Palmas),CE,I,1,0,Grado en Farmacia,Grado en Historia del Arte
61,10061,28,2800,4,Diploma,6,Ingeniería - Especialidad 6,40,Grado en Ingeniería Informática,DOCTORADO EN FÍSICA,Doctorado en Física,GRADO EN INGENIERÍA INFORMÁTICA,Grado en Ingeniería Informática (Valencia),DI,I,0,0,Grado en Ingenieria Informatica,Doctorado en Fisica
39,10039,33,3300,5,Licenciatura,7,Ciencias - Especialidad 7,50,Grado en Física,MÁSTER EN FILOSOFÍA,Máster en Filosofía,GRADO EN FÍSICA,Grado en Física (Vitoria),LI,D,0,0,Grado en Fisica,Master en Filosofia
54,10054,26,2600,5,Licenciatura,10,Salud - Especialidad 10,50,Máster Universitario en Investigación Biomédica,DOCTORADO EN ENFERMERÍA,Doctorado en Enfermería,MÁSTER UNIVERSITARIO EN INVESTIGACIÓN BIOMÉDICA,Máster Universitario en Investigación Biomédica (A Coruña),LI,G,0,0,Master Universitario en Investigacion Biomedica,Doctorado en Enfermeria
98,10098,36,3600,3,Doctorado,15,Salud - Especialidad 15,30,Grado en Química,MÁSTER EN TRABAJO SOCIAL,Máster en Trabajo Social,GRADO EN QUÍMICA,Grado en Química (Madrid),DO,C,0,0,Grado en Quimica,Master en Trabajo Social
67,10067,12,1200,10,Curso de Especialización,8,Artes - Especialidad 8,100,Grado en Biología,DOBLE GRADO EN SOCIOLOGÍA Y CIENCIAS DE LA ACTIVIDAD FÍSICA Y DEL DEPORTE,Doble Grado en Sociología y Ciencias de la Actividad Física y del Deporte,GRADO EN BIOLOGÍA,Grado en Biología (Murcia),CE,C,0,0,Grado en Biologia,Doble Grado en Sociologia y Ciencias de la Actividad Fisica y del Deporte
96,10096,30,3000,5,Licenciatura,15,Salud - Especialidad 15,50,Grado en Arquitectura,GRADO EN CIENCIAS AMBIENTALES,Grado en Ciencias Ambientales,GRADO EN ARQUITECTURA,Grado en Arquitectura (Vitoria),LI,C,0,0,Grado en Arquitectura,Grado en Ciencias Ambientales
99,10099,28,2800,10,Curso de Especialización,12,Artes - Especialidad 12,100,Grado en Física,DOCTORADO EN FÍSICA,Doctorado en Física,GRADO EN FÍSICA,Grado en Física (Barcelona),CE,A,0,0,Grado en Fisica,Doctorado en Fisica
47,10047,30,3000,3,Doctorado,4,Salud - Especialidad 4,30,Grado en Periodismo,GRADO EN CIENCIAS AMBIENTALES,Grado en Ciencias Ambientales,GRADO EN PERIODISMO,Grado en Periodismo (Zaragoza),DO,H,0,0,Grado en Periodismo,Grado en Ciencias Ambientales
98,10098,20,2000,7,Arquitectura,7,Ciencias - Especialidad 7,70,Grado en Química,DOCTORADO EN BELLAS ARTES,Doctorado en Bellas Artes,GRADO EN QUÍMICA,Grado en Química (Alicante),AR,D,0,0,Grado en Quimica,Doctorado en Bellas Artes
