ID_PERSONA,ID_PERSONA_NIP_NK,DOCUMENTO_IDENTIDAD,APELLIDO1,APELLIDO2,NOMBRE,APELLIDOS_NOMBRE,ID_OFUSCADO,SEXO,ID_PAIS_NACIONALIDAD_NK,EMAIL,FECHA_NACIMIENTO_TXT,ANYO_NACIMIENTO
1,916723,71870728Y,Arrieta,Roda,Camilo,"Arrieta Roda, Camilo",98b3c9488438933b106a084e302a8d08,H,ESP,juanita18@example.org,12/02/1959,1959
2,35002007,67908740K,Angulo,Madrid,Agustina,"Angulo Madrid, Agustina",3178124fade0d438d0f9e2de058a1c92,H,DMA,xescolano@example.org,14/07/2006,2006
3,51482483,64039106E,Rivera,Perelló,Felipa,"Rivera Perelló, Felipa",296de80a64bdf13b2041dc3676c1625a,H,URY,ysanabria@example.com,18/11/1959,1959
4,31611127,51801704T,Cañas,Oliveras,Isabela,"Cañas Oliveras, Isabela",327551c36f646167f110ff556171b83d,H,SVN,escalonabrigida@example.com,29/05/1990,1990
5,59959826,62265676F,Gisbert,Acevedo,Edu,"Gisbert Acevedo, Edu",0c82fcb3f3d8be3d5e0f35409a829fae,M,COG,martinabigail@example.net,10/05/2003,2003
6,35835371,61825128R,Rodrigo,Pinilla,Candelas,"Rodrigo Pinilla, Candelas",cedc16998ca6e4dcef311712faf5863a,H,TTO,jose-miguelserna@example.com,22/12/1964,1964
7,44241559,68230047H,Fabregat,Carbajo,Leoncio,"Fabregat Carbajo, Leoncio",c28917c81ea810b1a10d326cb61fbf22,M,BLR,riusencarnacion@example.org,18/10/1970,1970
8,40526484,86863375B,Bautista,Cabrero,Hilario,"Bautista Cabrero, Hilario",46f8d2de3bb5c25898c6274ddd4896bf,M,KEN,salomelba@example.net,12/04/2002,2002
9,78176558,24310690N,Atienza,Hierro,Salud,"Atienza Hierro, Salud",04a2f160994f0d69787de373d458dece,H,DMA,quesadavalentin@example.org,24/02/1991,1991
10,97023650,33119079E,Barbero,Chaves,Isaac,"Barbero Chaves, Isaac",014476c7528f356ada65f6cfb886fc8d,H,HND,joaquin95@example.net,09/02/1995,1995
11,76890296,03067383B,Montes,Gálvez,María Teresa,"Montes Gálvez, María Teresa",eaf360cda33dff219b0fc3d25c0beae9,M,ITA,sarita28@example.org,25/07/1982,1982
12,1534878,02843959D,Llopis,Barrera,Marcelo,"Llopis Barrera, Marcelo",4ef2c35020098209833331f89ee45f51,H,DEU,eugeniaroldan@example.net,23/02/1988,1988
13,35105069,95342836Q,Ocaña,Piquer,Asdrubal,"Ocaña Piquer, Asdrubal",5b2d1cface021a4e129918e1b09223a3,M,ATG,josefina66@example.org,29/10/1974,1974
14,87735896,44089268Q,Espejo,Sáenz,Renato,"Espejo Sáenz, Renato",1ee3919067fada524c46fc0ac40010a9,M,ZAF,reinagomis@example.com,27/07/2002,2002
15,48258264,70568566N,Sierra,Barco,Ernesto,"Sierra Barco, Ernesto",3ce610e5fdb806ccdb982625ab68eb94,M,VUT,jriera@example.net,18/07/1963,1963
16,92981826,24628733B,Herrero,Jara,Román,"Herrero Jara, Román",62120f2587bb5d84b15a4eb1b187f59d,H,BEL,nataliobermudez@example.com,03/09/1979,1979
17,31715995,42708668Z,Farré,Aznar,Cirino,"Farré Aznar, Cirino",8e796d427d1e97270dc3a06b69ad2492,H,ARG,rene99@example.org,17/05/1959,1959
18,8338186,82634351C,Gaya,Tello,Godofredo,"Gaya Tello, Godofredo",6a89eaeb4d77af6307fd7129d0fe82d3,H,NAM,ruthmendez@example.com,19/06/1955,1955
19,89628735,75183046W,Falcón,Carpio,Héctor,"Falcón Carpio, Héctor",695c2c23f3eb1039063a9826b8fccebf,H,MLI,sherrera@example.net,24/04/2002,2002
20,15867870,99013983H,Puente,Heras,Hernando,"Puente Heras, Hernando",ccf0c2c67f928b66b60fa9d0dd3c8e6f,M,CHL,maura46@example.com,25/09/1990,1990
21,62464258,73540331Q,Palomar,Mendez,Florencia,"Palomar Mendez, Florencia",4bebb3a685f9bd48326492d9d707f8a9,H,EGY,placido87@example.com,16/02/1961,1961
22,41178850,73936385X,Soria,Montero,Nieves,"Soria Montero, Nieves",476215d8fe62bdd135594fe2cfecacad,H,KGZ,raimundomilla@example.com,13/07/1957,1957
23,21436829,46785445H,Giralt,Coello,Chus,"Giralt Coello, Chus",d4862526ed26bbe679b44920080b91af,M,KAZ,juliancarolina@example.net,30/10/1993,1993
24,54414096,87717535C,Rios,Marquez,Lola,"Rios Marquez, Lola",9b0ec85c2ad7df0142ba7d0284528179,H,MCO,gustavomurcia@example.org,07/04/1980,1980
25,92083242,56093204E,Hoyos,Valera,Clotilde,"Hoyos Valera, Clotilde",2e1ce979517e6c017884a987bc419ae1,H,GAB,jose-angel77@example.com,13/11/1965,1965
26,67447155,89964235B,Ortuño,Dominguez,Luz,"Ortuño Dominguez, Luz",a0f7ed3c5709277b297bf05e9dd8a048,H,COM,lolatorres@example.org,24/04/1991,1991
27,94429826,36937854S,Barral,Zamora,Felisa,"Barral Zamora, Felisa",3bfb99968f37261a877aa7aa072e7cca,M,NOR,benaventeolimpia@example.net,20/09/1957,1957
28,41738753,77725228V,Agudo,Revilla,María Cristina,"Agudo Revilla, María Cristina",d78f495793690f43b259d8e10196e7ea,M,MOZ,purificacionguardia@example.org,17/07/2002,2002
29,92649206,72808010S,Agullo,Gil,Eutropio,"Agullo Gil, Eutropio",a29bd0e9b44d30e7e8a4c4e1e58f6b66,H,THA,dperea@example.net,25/10/1997,1997
30,15759274,06231203C,Tomas,Torrents,Griselda,"Tomas Torrents, Griselda",e956283dbbf1468a6562b46902d56faf,M,BEL,agudobernardita@example.net,30/05/1982,1982
31,85726382,87509977Z,Alegria,Ávila,Albano,"Alegria Ávila, Albano",97f29dceb8c36342059f7b4d358850b1,H,THA,blanca40@example.net,28/11/2001,2001
32,39599276,00886008W,Ros,Escobar,Ileana,"Ros Escobar, Ileana",c4635b4b13d8bc055343613b0dc2a6fc,M,VUT,barcenaazucena@example.org,26/10/1970,1970
33,49330907,48408621S,Zurita,Iniesta,Gregorio,"Zurita Iniesta, Gregorio",113f12e2c70892f3a1c64799c24e92e5,H,NER,juanito61@example.com,18/01/1982,1982
34,82493631,18233984K,Hervia,Gonzalez,Ángel,"Hervia Gonzalez, Ángel",6955f803bc874537d8b933f45ff358b8,M,SLV,isaura10@example.org,31/12/1981,1981
35,29641883,54615679V,Pi,Tamarit,Reynaldo,"Pi Tamarit, Reynaldo",7fc40fad21a08def6a4792fb79c2416d,H,SVK,agustijulia@example.org,18/01/1960,1960
36,29410942,33410166K,Roura,Muñoz,Angelina,"Roura Muñoz, Angelina",0681cb4de2bcf4bd3842b707f669891a,M,PAK,alvarezzaira@example.org,20/01/1970,1970
37,17927298,68700217E,Talavera,Linares,Héctor,"Talavera Linares, Héctor",34661d2a3dee5dadc466f1385c585a22,H,MUS,benaventeisaura@example.com,17/05/1991,1991
38,64180488,65918033X,Aparicio,Escobar,Cintia,"Aparicio Escobar, Cintia",6f20dd56100ac77ef1e6bad668f54e65,M,NZL,alcides39@example.org,11/08/2005,2005
39,20560218,97401489P,Puig,Benítez,Otilia,"Puig Benítez, Otilia",aa0491dcdc8ae1142eca889ae14bae98,H,MUS,fermin93@example.net,25/11/1980,1980
40,61066203,02503926P,Mármol,Plana,Inés,"Mármol Plana, Inés",9f744064d03fbb7ec483a27c91af7426,M,PAN,morenabermudez@example.net,23/02/2005,2005
41,81300905,14293968C,Baeza,Cabañas,Osvaldo,"Baeza Cabañas, Osvaldo",7b7c745034b8fe1b12b463b86fba6382,H,GRC,eguerra@example.com,08/08/1995,1995
42,50147077,56218501S,Puente,Morera,María José,"Puente Morera, María José",79dbcb51bffe3076f9a9363a84b16c93,H,PRT,llanomiguela@example.com,22/10/1987,1987
43,55813853,63159996H,Pagès,Perez,Javier,"Pagès Perez, Javier",45557548337c81b92295d2723d585998,M,URY,restevez@example.net,19/05/1999,1999
44,94212889,50477358V,Boada,Marquez,Ricardo,"Boada Marquez, Ricardo",bf8402d401dff29f7f4f9cef187577ec,M,GHA,leyrebeltran@example.org,27/08/1972,1972
45,73717007,66296194M,Pinto,Correa,Fabio,"Pinto Correa, Fabio",f29be94cfc20efb7f276d172506add4a,M,PRT,xmoliner@example.org,24/08/1960,1960
46,63193474,31142626M,Mendez,Sales,Adelardo,"Mendez Sales, Adelardo",32d240f3b3890a6c87397bc018824f66,H,COL,maria41@example.org,11/05/1960,1960
47,72144402,55110475Z,Rosa,Sanchez,Glauco,"Rosa Sanchez, Glauco",a41ff96b1e3181ca1c8447a8f06b34b3,M,KWT,bcalderon@example.org,03/07/1978,1978
48,89133246,41212678J,Buendía,Morata,Casandra,"Buendía Morata, Casandra",7c227340cfa1f4193433def8f5d298c6,H,ISL,salberola@example.com,22/10/1980,1980
49,29314711,88610158J,Blazquez,Herrero,Melania,"Blazquez Herrero, Melania",e99321939eafc3152725a525d0bbffca,H,COG,isidorapintor@example.org,13/11/1963,1963
50,33214247,19956046G,Mascaró,Ledesma,Julio César,"Mascaró Ledesma, Julio César",2dd1848dbc6122e8de63a5beec4663aa,M,KAZ,ecoello@example.org,31/12/1983,1983
51,91313946,61839826W,Robledo,Marí,Leoncio,"Robledo Marí, Leoncio",45a51e6e8d2b941bef10857320241353,H,HTI,xbenitez@example.com,15/03/1971,1971
52,79968863,22444721X,Valcárcel,Ferrán,Lorena,"Valcárcel Ferrán, Lorena",870106bc9209f83e919b1db995a6612c,M,KOR,icampo@example.com,18/11/1954,1954
53,10988446,26464715H,Márquez,Pinto,Ruy,"Márquez Pinto, Ruy",aa37c31d247641f32cd8867ea08d3140,M,EGY,valerio56@example.net,13/11/1994,1994
54,70532309,43799371B,Mas,Montes,Elías,"Mas Montes, Elías",507843f282db16cad58814c99a546231,M,SMR,alejandramiralles@example.org,09/07/1981,1981
55,59961498,24065965F,Manuel,Tudela,Melchor,"Manuel Tudela, Melchor",f20e2d19533b129562f1e19f563e323c,M,GIN,maximopenalver@example.com,27/02/1981,1981
56,70890196,75692459B,Carbonell,Folch,Pánfilo,"Carbonell Folch, Pánfilo",58c4e187f305bbf7f5b8f0079cfd2021,H,TUN,isabelamores@example.net,31/10/1985,1985
57,94457890,37526547T,Gallego,Ríos,Leandra,"Gallego Ríos, Leandra",2412da936e554ccf6b574a887437554d,H,TUV,paz16@example.net,25/05/1988,1988
58,48557943,93564651F,Mateo,Herranz,Emilio,"Mateo Herranz, Emilio",4626513bea4ccebc2e55c83ea3bcf245,H,CAF,genoveva26@example.com,15/06/1959,1959
59,10482769,93982807T,Tello,Pérez,Vidal,"Tello Pérez, Vidal",ef80ac87b21104ff73473ec9631eaede,H,TGO,yarco@example.com,02/03/2002,2002
60,75721444,37416724W,Blázquez,Canales,Teresa,"Blázquez Canales, Teresa",4301f7371bdd322b720efa799cb2f635,M,AND,gemapadilla@example.org,13/06/1998,1998
61,15060409,34266179C,Arregui,Pulido,Emperatriz,"Arregui Pulido, Emperatriz",ca4d2ed87a53214f2ea34568d8b233e9,H,TUV,natividad61@example.org,16/02/1961,1961
62,8289024,79688680M,Girona,Vicens,Juan,"Girona Vicens, Juan",7dccca9c6a5b507b96b13b7af34f47da,M,UGA,victor-manuelperello@example.com,06/12/1985,1985
63,73504237,58911352A,Vall,Contreras,María Pilar,"Vall Contreras, María Pilar",bc58f06d557145055911c99b8593bf89,H,HTI,amador71@example.com,23/09/1982,1982
64,67845324,90965610N,Boada,Carmona,Zoraida,"Boada Carmona, Zoraida",d01be6e7761fbe7d9efd5065f55ffacc,H,ITA,pablomesa@example.com,28/05/1985,1985
65,27133023,14388899F,Gabaldón,Vázquez,Milagros,"Gabaldón Vázquez, Milagros",d75f77ef9babc3432af14d773687793a,M,CAN,eolive@example.org,27/03/1984,1984
66,76866717,37567982N,Santamaria,Montaña,Lorenza,"Santamaria Montaña, Lorenza",98bd4a6d8483b13dea39cb59d5541655,M,NAM,marinarsenio@example.net,02/04/1962,1962
67,72029307,50714611W,Novoa,Canales,Alonso,"Novoa Canales, Alonso",6391ac1a7ff7b701ddfe3b5851902329,H,TUV,manuhervas@example.net,17/04/1966,1966
68,20112846,25457387K,Cuesta,Muro,Carmina,"Cuesta Muro, Carmina",12b17e130857e3b4b1f09e7d992404b2,H,BLR,osevilla@example.com,10/04/1997,1997
69,22083803,57177514C,Estrada,Rosell,Gerónimo,"Estrada Rosell, Gerónimo",5cd38c7a6958b96f3903aca1cf24ee04,H,QAT,vandres@example.net,06/11/1967,1967
70,44039203,01051238T,Román,Porcel,Vinicio,"Román Porcel, Vinicio",c957f3f635afcab453590468cc129d80,H,TTO,garmendiahernan@example.com,13/08/2005,2005
71,69839059,28258673E,Barros,Cal,Juliana,"Barros Cal, Juliana",e2f376a77e37642b55394009b75b9262,H,VNM,piomoreno@example.org,22/07/1985,1985
72,59302835,62266093X,Jáuregui,Tovar,Danilo,"Jáuregui Tovar, Danilo",0628f59f169fc648d63197e482fbe125,M,NOR,edelmira69@example.com,14/05/1994,1994
73,15601471,79660334H,Oliveras,Ortiz,Danilo,"Oliveras Ortiz, Danilo",2100dcbad72044062bb41e517c198dce,M,FIN,rduque@example.net,30/08/1974,1974
74,91307681,19182553R,Blazquez,Cañete,Zaida,"Blazquez Cañete, Zaida",42f665ea3d5935b9367991e28dd12a1d,M,URY,desiderio34@example.org,16/11/1966,1966
75,27568520,71478596R,Cid,Vicente,Raúl,"Cid Vicente, Raúl",bd10ebf8a9fd06ae6f8b83c05c5d5d3e,M,UGA,mripoll@example.org,14/07/1993,1993
76,96223100,96915579L,Rocha,Estevez,Rodolfo,"Rocha Estevez, Rodolfo",bc20b62467173c02e184f6137562f296,H,KWT,jduran@example.org,28/09/1987,1987
77,78268756,24991251A,Checa,Exposito,Luis,"Checa Exposito, Luis",6290dabc00228cbe96844a4f77305112,H,TWN,purificacion79@example.org,07/11/1978,1978
78,65609379,34125286W,Tormo,Cerezo,Agapito,"Tormo Cerezo, Agapito",96b4dc4d1c5ed1cd62129c639f6884a1,M,IRQ,ofeliaplana@example.net,24/10/1988,1988
79,12205980,69296627L,Uría,Rebollo,Fortunata,"Uría Rebollo, Fortunata",11516805c8464616c6ef5e3215cde687,H,AUS,tricart@example.com,04/09/1987,1987
80,68501420,82827422Y,Blanch,Anguita,Florencio,"Blanch Anguita, Florencio",ceafabbb43616eab0ccf120bbe0a18b7,H,FSM,luisantunez@example.com,20/09/1969,1969
81,59791674,57905072L,Malo,Diéguez,Brígida,"Malo Diéguez, Brígida",36aaf27ad2ea4065c8180ed9de03b60d,M,CAF,jvalbuena@example.net,14/02/1962,1962
82,7467311,36887676T,Carbonell,Leal,Constanza,"Carbonell Leal, Constanza",cbaa7d9f011c50513cbdc0b6ee335045,M,HTI,candela07@example.net,16/04/1969,1969
83,60858653,77219034F,Calatayud,Huertas,Teodoro,"Calatayud Huertas, Teodoro",184f0f4cd80abb56306dff93d6de14d6,M,GHA,sandra07@example.com,20/02/1978,1978
84,17709269,04384279L,Bonet,Saavedra,Rosalva,"Bonet Saavedra, Rosalva",fd562b27e0a5bb3005560c89549e3652,H,ATG,galvezhugo@example.net,05/06/1994,1994
85,68886959,78819148B,Orozco,Roman,Jennifer,"Orozco Roman, Jennifer",2975ad40e15a132adc325fba599198af,H,LBR,encarnacionchaparro@example.org,02/07/1968,1968
86,55757342,58078361A,Barranco,Orozco,Noa,"Barranco Orozco, Noa",b76c40cb1c4822431922e718afbd9047,H,SRB,edelmira82@example.com,01/05/2002,2002
87,61310453,34074517V,Mancebo,Lastra,Luís,"Mancebo Lastra, Luís",b993cd0a40400fdf39386f733ba96795,H,HND,cerdamaricela@example.com,15/06/1958,1958
88,75686878,13395962A,Castañeda,Cazorla,Leonel,"Castañeda Cazorla, Leonel",c86df07eb0de4fdd87cffefa6be72105,H,UKR,estebanmontserrat@example.org,28/03/2006,2006
89,7749299,92330958B,Pozo,Tovar,Pía,"Pozo Tovar, Pía",b91113d2fae874a51c3a68f2829a56b9,H,THA,crescencialeiva@example.net,10/08/1982,1982
90,75000490,49825449C,Sans,Benet,Remigio,"Sans Benet, Remigio",d62a167b9163714788fe110963ec9aee,H,CHN,quintanaaranzazu@example.net,09/05/1973,1973
91,62059365,48126042Z,Peinado,Sanz,Jordana,"Peinado Sanz, Jordana",4fa17817f854f6cae22ed0af2f4807b2,M,NZL,lmoran@example.org,06/02/2007,2007
92,90297353,23253672M,Buendía,Sedano,Rebeca,"Buendía Sedano, Rebeca",5dd5d3476b1d5ef42bd284997d78f31c,H,GTM,remedios18@example.com,30/03/1969,1969
93,41361818,94667116J,Galán,Uría,Timoteo,"Galán Uría, Timoteo",608a6b2f6b105a156e55240f95ee7c6e,H,LSO,mohamed45@example.net,30/09/1993,1993
94,97077009,84577590N,Toro,Nuñez,Eladio,"Toro Nuñez, Eladio",728422f8ab6a11b2413e6f67e7e9acaa,M,ZWE,arteagaconrado@example.net,10/09/1985,1985
95,2921981,17518636L,Casanova,Cruz,Alcides,"Casanova Cruz, Alcides",db7161fce35b8d0dfcc6e16d5f6ec73e,M,THA,asastre@example.com,09/03/1968,1968
96,53143336,37454589D,Catalán,Matas,Jennifer,"Catalán Matas, Jennifer",2f42d715766a0d43e4bf9a3dc261c299,M,CHL,sandralledo@example.org,18/12/1998,1998
97,34152669,29750017T,Ibáñez,Blanca,Poncio,"Ibáñez Blanca, Poncio",33ced683e5ce7ba05f321e02654595ef,M,IRQ,graciana20@example.com,28/12/1996,1996
98,404729,01277063B,Guillén,Román,Marcos,"Guillén Román, Marcos",5fd89b7088be5420b2d1cb44c7c1f89b,H,SRB,bustamanteabel@example.org,13/11/1986,1986
99,29246218,24241541R,Cazorla,Gonzalo,Casemiro,"Cazorla Gonzalo, Casemiro",98365f1f4870c8f294330badfe697aa3,M,BLR,aagusti@example.net,19/10/1977,1977
100,77619624,52064361C,Carreño,Roca,Olga,"Carreño Roca, Olga",5063f5a722b478c0f3f98cca587f3aa6,H,GTM,alebelda@example.org,27/06/1980,1980
